Aktual,Prediksi
31.6030,31.5051
30.7121,30.0541
29.8212,30.4055
30.4152,31.0887
33.2364,32.1824
31.9000,32.4127
33.0879,32.1290
32.4939,32.1634
32.4939,31.8680
31.7515,31.3212
29.9697,31.2442
32.3455,31.1886
32.6424,32.1357
31.6030,32.1201
32.4939,32.2163
31.9000,32.5405
33.3848,32.1203
34.2758,32.6534
31.7515,33.1263
33.8303,32.1084
33.2364,32.9925
34.1273,33.0148
33.8303,33.0932
33.6818,33.0999
34.5727,33.0839
34.5727,33.3862
33.5333,33.2349
32.9394,33.1130
33.0879,33.0888
33.6818,33.0825
30.7121,33.0739
33.6818,32.1104
32.6424,33.0848
31.9000,32.9459
31.9000,32.2637
31.9000,32.0965
32.0485,32.0895
32.9394,32.3295
32.4939,32.9016
31.6030,32.5315
33.2364,31.9962
34.2758,32.6641
32.3455,33.1444
33.5333,32.3807
34.4242,33.0232
33.6818,33.3256
33.8303,32.9933
34.5727,33.1699
32.3455,33.3412
32.0485,32.4299
33.5333,32.4840
33.8303,33.2599
33.0879,33.0298
33.6818,32.8800
32.3455,33.2219
34.8697,32.7267
33.9788,33.8363
35.4636,33.2981
35.3152,34.5340
34.1273,33.5451
33.3848,33.6882
33.9788,33.2382
34.2015,33.3904
33.3848,33.7527
34.2758,33.6262
35.0182,33.8219
33.2364,33.6695
34.5727,33.0974
34.1273,33.7614
35.0182,33.9037
34.5727,34.2855
33.9788,33.9464
34.4242,33.5485
34.5727,34.0195
33.9788,33.7434
35.0182,33.8675
34.2758,34.0305
34.1273,33.8555
33.8303,33.6743
33.8303,33.7051
34.7212,33.2764
32.7909,33.9864
32.1970,33.0877
33.8303,33.1733
33.8303,33.4540
33.2364,33.5843
33.6818,33.4651
33.8303,33.2783
33.9788,33.5634
34.5727,33.6085
35.0182,33.8328
34.5727,34.0833
34.7212,33.7607
32.7167,33.9626
33.3848,32.8743
33.9788,33.2117
34.7212,33.3159
30.4152,33.4652
33.0879,31.9924
32.9394,32.5627
34.2758,32.1139
33.8303,32.8917
33.0879,32.7039
33.5333,32.8069
34.8697,32.8390
34.7212,33.4619
28.6333,33.5151
27.8909,31.6241
31.6030,31.4602
34.2758,32.7873
33.9788,33.5048
32.7909,33.2932
33.5333,33.1184
35.3152,33.1950
34.2758,33.5371
33.9788,33.2120
32.6424,33.4531
31.9000,32.9967
32.3455,32.6619
33.6818,32.7535
33.8303,33.1100
33.3848,33.4515
29.8212,33.6616
33.0879,32.8348
34.1273,33.4197
33.9788,33.7233
33.8303,33.6938
33.9788,33.8357
33.8303,33.6848
34.2758,33.6627
34.4242,33.5603
34.4242,33.3975
34.1273,33.3786
33.2364,33.4304
34.2758,33.3555
34.7212,33.7732
28.3364,33.2876
27.5939,32.0600
31.1576,31.5480
29.3758,32.0477
29.2273,31.7751
32.1970,31.9565
33.5333,33.0429
33.3848,33.3891
33.5333,33.1504
31.9000,32.8945
33.2364,32.3721
33.6818,32.6883
31.3061,32.5667
32.3455,32.0340
32.4939,32.2389
33.8303,32.5818
33.2364,32.8671
31.0091,32.5683
33.5333,32.1145
32.0485,32.6239
32.4939,32.2781
29.9697,32.4509
33.2364,31.9280
32.6424,32.5795
33.0879,32.7030
34.2015,32.5657
33.6818,33.0056
31.6773,33.0734
32.9394,32.6956
33.2364,33.1345
33.2364,32.9713
34.2015,33.0332
33.4591,33.2872
31.1576,33.0660
29.3758,32.3135
29.2273,31.9704
32.1970,32.1897
33.5333,33.2506
33.3848,33.6516
33.5333,33.4433
31.9000,33.2406
33.2364,32.7509
33.6818,32.9964
31.3061,32.8036
32.3455,32.2252
32.4939,32.2098
33.8303,32.5357
33.2364,32.8671
31.0091,32.5683
33.5333,32.1145
32.0485,32.7145
32.4939,32.3071
29.9697,32.4778
33.2364,31.9451
32.6424,32.5945
33.0879,32.7111
34.2015,32.5742
33.6818,33.0101
31.6773,33.0771
32.9394,32.6987
33.2364,33.1442
33.2364,32.9813
33.9788,33.0419
33.0879,33.4892
33.5333,33.1357
33.9788,33.3238
33.3848,33.2779
34.1273,33.3613
33.2364,33.5924
33.2364,33.2978
32.6424,33.2813
33.6818,33.0971
33.5333,33.4036
33.5333,33.6768
33.0879,33.4908
33.6818,33.4591
34.1273,33.4977
34.8697,33.4313
34.4242,33.8593
32.8652,33.8455
34.2758,33.4363
33.0879,33.9956
34.4242,33.5099
35.3152,33.7759
34.8697,34.2235
34.5727,34.1904
34.5727,34.3287
34.7212,34.0240
34.1273,33.9998
34.1273,34.1119
34.5727,33.7905
34.2758,34.0991
34.1273,33.8331
35.0182,33.9685
35.1667,34.5479
33.3848,34.5157
33.0879,33.8308
34.4242,33.7620
33.0879,34.0447
32.7909,33.5969
33.0879,33.4810
33.0879,33.4044
33.2364,33.4829
34.1273,33.5712
34.7212,33.9025
34.1273,33.9735
34.1273,33.6780
33.0879,33.7612
33.8303,33.4422
33.8303,33.7623
33.8303,33.7248
34.5727,33.8396
34.5727,33.9599
34.4242,33.9137
34.5727,33.9714
34.5727,34.0901
35.4636,34.1844
35.6121,34.6890
34.1273,34.4693
34.1273,34.1090
33.6818,34.1759
33.8303,33.8933
32.9394,34.0081
35.4636,33.5815
34.7212,34.4446
34.7212,34.2105
34.5727,34.4110
34.7212,34.2523
34.0530,34.0595
32.9394,33.7704
34.4242,33.6172
34.2758,33.8840
34.7212,34.0706
34.5727,34.2287
34.4242,34.0292
34.1273,34.0428
34.5727,33.8691
34.8697,34.3358
35.9091,34.4523
35.9091,34.7858
33.8303,34.7731
34.4242,33.9475
35.0182,34.0487
34.4242,34.1563
34.5727,34.3256
34.8697,34.1929
33.6818,34.5279
34.1273,33.9632
34.5727,34.0045
34.5727,34.0966
34.1273,34.2569
34.4242,33.9757
33.0879,33.6212
34.4242,33.4323
33.3848,33.5527
33.5333,33.4286
34.1273,33.5427
33.0879,33.6685
34.1273,33.3562
33.9788,33.5543
34.1273,33.5283
33.3848,33.4264
33.5333,33.2057
34.5727,33.3414
33.8303,33.3110
34.5727,33.1796
33.0879,33.3185
33.6818,33.1696
32.7909,33.1865
31.7515,33.1377
30.8606,33.0445
33.3848,32.8643
35.3152,33.4897
33.5333,34.0510
35.1667,33.5551
35.0182,34.1476
34.2758,34.0923
34.2758,33.8578
35.0924,33.6545
31.7515,33.9561
33.8303,32.8287
34.1273,33.4842
33.9045,33.4459
34.5727,33.3503
27.8909,33.4817
27.5939,31.7703
32.1970,31.6266
33.8303,32.4129
34.5727,33.3440
34.2758,33.7971
35.3152,33.6273
32.6424,34.1527
33.5333,33.3650
33.9788,33.2206
33.3848,33.5965
33.3848,33.3986
33.2364,33.1525
32.7909,32.9713
33.0879,32.8155
33.8303,33.0381
31.7515,33.4302
31.7515,33.0904
34.1273,33.0352
32.1970,33.4425
33.0879,33.0107
29.3758,33.0374
31.9000,32.0477
32.6424,33.0865
33.0879,33.2697
33.2364,33.0053
33.0879,32.9779
32.4939,32.7336
32.4939,32.4369
31.0091,32.5490
30.8606,31.8398
31.4545,31.5982
33.5333,32.3710
33.8303,33.3505
33.8303,33.3425
33.5333,33.3442
32.6424,32.8952
33.2364,32.4651
29.3758,32.9317
34.8697,31.8167
34.5727,32.6996
33.6818,32.6794
30.7121,32.1786
30.5636,31.2835
32.9394,31.1202
30.4152,31.5834
30.5636,30.5467
30.1182,30.4778
29.5242,29.6909
30.2667,29.8150
29.9697,30.2792
28.3364,30.2338
30.7121,30.0100
29.5242,30.7840
30.7121,30.9883
31.6030,31.6927
31.7515,31.7533
29.9697,31.4731
30.7121,30.8903
31.1576,31.1425
31.7515,31.1051
30.4152,31.5643
31.6030,31.3429
30.1182,31.0620
30.1182,30.8634
30.8606,30.9208
30.2667,31.2509
31.6030,31.4600
31.1576,31.6878
30.8606,32.1017
32.3455,32.4587
32.3455,32.4689
33.0879,32.5398
32.7909,32.7000
32.5682,32.7293
32.7909,32.5467
29.8212,32.2907
32.1970,31.9643
33.3848,32.4037
31.4545,32.6478
32.1970,32.3600
33.6818,32.4754
31.1576,32.6812
29.6727,32.1085
31.9000,31.3873
31.6030,31.9855
31.6030,31.7748
29.3758,31.4956
30.4152,30.8706
31.9000,31.4340
32.3455,31.9502
32.7909,32.1237
33.5333,32.1287
33.8303,32.4302
32.7909,32.5121
33.6818,32.2524
32.9394,32.4802
32.0485,32.3543
32.3455,32.2375
30.4152,32.0860
30.4152,31.7841
31.3061,31.9740
32.9394,32.3203
32.3455,32.8004
33.0879,32.8968
33.2364,33.0178
33.3848,33.3955
33.2364,33.4020
33.2364,33.3501
33.6076,33.2435
33.0879,33.2222
33.2364,32.7945
31.1576,32.7772
33.2364,32.2792
31.7515,32.7046
31.4545,32.4769
31.9000,32.5236
34.1273,32.6065
34.7212,33.4615
34.1273,33.5687
34.8697,33.5352
34.7212,33.7680
34.5727,33.7794
34.7212,33.8672
33.5333,33.9504
34.2758,33.4824
33.3848,33.8643
35.0182,33.4378
35.4636,33.7964
34.1273,33.9921
33.1621,33.8089
33.5333,33.5933
33.3848,33.6795
33.8303,33.3879
33.1621,33.4465
33.5333,33.1698
33.9788,33.2613
34.5727,33.3183
34.3500,33.3886
34.1273,33.4047
33.6818,33.3620
34.1273,33.3174
35.1667,33.6685
34.2758,33.8185
35.3152,33.5691
35.3152,34.2886
33.6818,34.3175
33.6818,33.7756
34.2758,33.6791
34.4242,33.8120
34.2758,33.9921
34.1273,33.9955
34.5727,33.8016
34.2758,33.9001
34.2758,33.7969
35.4636,34.0235
35.0182,34.3484
35.3152,34.1758
33.9788,34.1215
34.8697,33.8431
33.7561,34.1471
33.5333,33.8105
34.1273,33.6932
34.3500,33.9145
34.5727,34.1595
33.8303,34.2631
34.7955,33.9858
33.9788,34.2847
34.4242,33.9795
34.4242,34.1542
34.1273,34.0704
34.7212,33.9431
35.0182,34.1264
35.0182,34.2793
32.9394,34.1300
34.5727,33.5388
35.0182,34.0160
34.5727,33.9766
33.0879,33.9757
34.7212,33.4848
35.0182,34.1003
33.9788,33.9148
34.2758,33.7637
34.5727,33.8655
34.4242,34.0314
34.7212,33.9679
32.1970,34.0924
33.5333,33.3216
34.7212,33.7271
34.7212,33.9573
33.9788,34.0881
34.8697,33.7855
33.7561,33.9748
34.2758,33.7942
32.4939,33.8350
33.9788,33.4142
30.1182,33.6896
33.5333,32.8519
32.7909,33.7217
34.4242,33.4914
32.3455,33.8814
34.5727,33.5798
34.1273,33.7227
34.5727,33.6256
33.8303,33.8884
33.3106,33.7549
34.6470,33.5872
30.1182,33.3974
32.0485,32.6332
32.3455,32.9358
33.3106,32.9168
33.9788,33.2954
33.5333,33.3540
34.2015,33.6147
34.1273,33.8410
33.9788,33.9478
33.6818,33.7823
31.1576,33.7497
33.0879,32.9401
33.2364,33.1963
33.9788,33.2089
34.4242,33.4148
33.0879,33.6513
33.2364,33.3911
29.3758,33.1883
34.7212,32.2654
33.8303,33.7745
32.9394,33.7005
33.0879,33.2046
33.0879,33.1007
33.2364,33.0784
33.5333,33.0532
32.7909,33.0939
33.8303,32.8961
33.2364,33.1468
33.2364,32.9902
32.3455,33.0754
33.0879,32.7036
32.7909,32.7050
32.9394,33.0337
33.6818,33.0970
34.2758,33.2302
33.5333,33.5053
33.9788,33.3582
33.9045,33.8492
33.5333,33.7240
33.9788,33.4468
34.1273,33.5914
33.9788,33.6607
34.4242,33.6562
33.9788,33.7291
34.4242,33.5117
34.5727,33.6810
32.7909,33.7587
34.2758,33.1556
34.1273,33.6743
34.1273,33.7246
34.2758,33.9133
33.9788,33.9551
33.5333,33.8343
34.1273,33.7604
34.4242,34.0090
33.5333,33.8071
34.4242,33.6484
34.2758,34.0346
35.0182,33.7357
34.1273,34.0305
34.4242,34.1833
33.9788,34.0227
34.5727,33.9438
34.5727,34.2050
33.8303,34.0297
34.5727,33.7613
34.2758,34.1216
34.5727,33.9480
35.0182,34.2269
34.4985,34.2108
34.1273,34.1689
33.8303,33.9664
33.3848,33.8242
33.9788,33.7708
33.8303,33.8164
35.3152,33.9884
34.2758,34.4769
35.4636,33.8366
35.3894,34.4799
35.7606,34.4056
35.4636,34.4829
34.4242,34.4886
35.3152,34.2898
35.6121,34.8119
35.6121,35.1231
35.3152,35.2426
35.5379,34.8798
34.4242,35.1388
35.6121,34.4391
35.9091,35.5373
36.8000,35.4460
34.8697,35.7026
34.2758,34.5197
34.5727,34.6441
35.0182,34.8683
35.4636,34.9337
34.8697,35.1664
35.1667,34.6489
35.0182,34.8890
33.6818,34.8857
35.7606,34.6798
36.0576,35.1657
34.5727,34.6171
34.8697,34.4001
35.4636,34.5184
36.3545,34.9863
36.6515,35.4977
36.0576,35.3398
35.1667,34.7353
34.7212,34.3213
34.8697,34.5478
34.7212,34.2929
34.8697,34.5912
34.8697,34.6576
35.9091,34.6357
36.5030,35.2520
36.5030,35.4765
36.0576,35.0289
35.5379,35.1900
34.8697,34.6983
35.3152,34.6867
36.5030,34.6935
35.4636,35.3950
34.8697,34.6982
34.7212,34.4475
34.7955,34.5437
32.7909,34.4686
35.4636,33.9141
35.3152,34.4945
35.1667,34.5419
36.0576,34.4965
35.6121,34.8838
35.4636,34.6970
35.3152,34.4733
34.5727,34.4675
35.3152,34.0744
35.0182,34.2255
33.3848,34.2407
32.4939,33.7684
35.6121,33.3199
33.4591,34.1744
33.8303,33.7854
34.5727,33.9108
34.5727,34.1566
34.7212,34.0634
32.9394,34.0989
34.1273,33.5950
34.4242,33.8954
33.8303,33.8459
34.4242,33.7911
34.5727,33.9710
33.5333,33.8348
32.7909,33.1784
33.3848,33.3696
33.5333,33.3751
33.9788,33.4850
33.5333,33.5313
33.3848,33.4507
34.7212,33.3351
33.8303,34.0823
32.9394,33.6750
33.2364,33.3599
33.0879,33.3294
33.5333,33.1513
30.8606,33.0074
33.5333,32.2731
32.9394,33.1362
33.0879,33.0990
32.3455,33.3288
33.3848,32.9263
31.4545,33.0509
32.4939,32.5526
32.3455,32.7989
32.3455,32.8126
35.1667,32.6719
32.3455,33.5623
32.9394,32.9683
33.0879,32.7102
32.9394,32.7329
32.1970,32.9381
33.9788,32.6350
33.3848,33.3626
33.5333,33.2518
33.0879,33.3401
29.5242,33.1073
31.6030,32.0981
34.2758,32.6783
33.5333,33.2681
31.1576,33.1962
31.1576,32.0447
31.4545,32.0391
31.4545,32.2869
33.1386,32.4671
32.9394,32.9697
33.0879,33.1750
32.4939,33.0234
33.0879,32.8069
34.1273,32.7265
33.9788,32.8201
32.7909,32.9518
31.1576,32.6352
33.1386,32.0295
31.6030,32.1863
32.9394,32.1893
31.7515,32.4622
31.1576,32.1003
31.6030,31.6819
30.1182,31.7735
31.7515,31.3522
31.1576,31.5787
29.8955,31.6504
29.6727,31.3250
31.4545,31.4995
31.7515,32.0432
30.5636,32.1434
31.1576,32.1360
33.1386,32.1131
32.0485,32.4454
32.7909,32.3194
31.9000,32.1808
28.9303,31.9521
31.1576,30.8732
31.0091,31.3309
31.1576,31.3431
31.7515,31.3626
31.1576,31.4388
31.3061,31.4713
30.4152,31.4150
27.7424,31.0040
30.4152,30.2026
29.8212,30.6861
30.4152,30.7213
29.9697,30.8440
31.0091,30.7448
30.4152,31.2185
31.7515,31.1206
30.2667,31.5788
31.4545,31.2858
30.1182,31.3842
31.3061,31.2003
33.1386,31.7467
32.9394,32.1577
31.9000,32.4897
32.4939,32.1796
32.3455,32.3740
33.0879,32.2622
32.1970,32.6283
31.9000,32.3669
31.4545,32.3252
31.6030,32.1693
32.4939,32.1097
32.4939,32.2025
32.1970,32.1171
31.9742,32.3601
33.0879,32.2538
30.7121,32.7087
32.6424,32.2219
32.3455,32.6895
31.3061,32.5832
31.6030,32.3299
31.6030,32.2135
31.0091,32.4638
31.6030,32.1249
32.0485,32.2043
33.6818,32.5834
33.5333,32.9201
32.7909,33.0601
33.0879,32.9740
32.3455,32.9769
32.9394,32.7148
32.7909,32.9535
33.2364,32.8635
31.9000,33.0428
31.6030,32.7278
32.7909,32.7344
33.2364,32.9076
33.1386,32.9358
33.2364,33.1354
33.5333,33.1058
33.0879,33.2230
32.4939,33.2031
31.0091,32.9931
32.7909,32.6648
33.5333,32.7654
33.9788,32.8867
32.3455,33.1611
32.7909,32.9597
32.3455,32.9733
33.2364,32.9191
33.5333,33.1047
33.9788,33.2141
31.9000,33.4533
33.0879,32.9670
32.3455,33.0619
34.2758,33.0476
31.6030,33.4477
33.8303,33.0658
32.7909,33.2957
33.6818,33.0590
33.5333,33.4001
33.5333,33.3768
33.9788,33.4096
32.1970,33.5745
32.7909,33.0045
33.6818,33.0662
32.4939,33.1170
33.9788,33.1716
33.1386,33.5469
34.8697,33.5027
32.9394,33.8433
33.5333,33.3547
32.6424,33.3911
33.6818,33.0840
33.1386,33.2779
34.5727,33.3578
34.1273,33.7459
34.4242,33.6654
33.8303,33.9213
33.6818,33.8332
33.3848,33.9273
34.7212,33.7100
34.7212,33.9516
34.2758,33.9684
32.9394,33.8080
33.9788,33.5751
34.5727,33.5896
33.6076,33.7995
34.2758,33.6580
34.4242,33.8037
34.1273,34.0569
34.5727,33.9623
33.1386,34.0506
33.8303,33.8261
34.5727,33.8207
34.4242,33.9068
34.2758,33.9659
34.5727,33.9354
34.2758,34.0272
35.0182,33.8901
34.2758,34.2003
34.2758,33.9942
34.2758,33.9381
34.2758,33.9426
33.8303,33.8910
33.6818,33.9139
35.4636,33.8644
34.1273,34.1077
33.5333,33.8645
31.1576,33.7040
32.6424,33.2760
33.0879,33.2855
33.5333,33.3742
33.6076,33.5583
33.2364,33.6678
32.7909,33.6524
32.6424,33.5881
33.8303,33.4974
34.4242,33.7332
33.2364,33.9106
33.8303,33.7853
34.5727,33.8893
33.3848,33.8631
33.5333,33.7156
33.5333,33.6783
33.8303,33.7420
34.2758,33.8202
34.4242,33.7387
33.3848,33.8157
33.3848,33.5253
33.8303,33.5467
32.6424,33.6226
33.3848,33.4691
33.6818,33.6317
32.9394,33.8022
33.5333,33.5797
33.0879,33.5254
32.3455,33.5802
33.6818,33.3631
33.9788,33.4862
33.3848,33.6080
33.3848,33.6374
33.5333,33.5681
33.8303,33.4616
34.2758,33.5456
33.8303,33.7356
33.8303,33.6701
34.2758,33.6216
34.7212,33.7460
34.1273,33.8158
34.2758,33.7491
34.1273,33.7280
34.1273,33.6626
34.1273,33.8078
34.1273,33.8548
34.2015,33.8580
33.3848,33.8512
34.4242,33.6846
34.2758,34.0370
34.2758,33.9450
34.4242,34.0442
33.3848,33.9548
33.3848,33.6207
33.5333,33.6015
33.8303,33.6343
33.0879,34.0700
33.5333,33.6483
33.2364,33.4918
33.0879,33.3193
33.0879,33.2669
33.5333,33.2731
33.8303,33.4121
33.9788,33.6057
33.0879,33.6393
34.2015,33.4447
33.0879,33.6529
33.8303,33.4215
33.8303,33.6148
33.2364,33.5430
32.4939,33.5043
33.2364,33.2562
32.3455,33.3356
32.4939,33.0798
32.1970,33.2274
33.6818,33.1101
33.1386,33.4416
33.2364,33.4178
33.2364,33.3220
33.1386,33.2911
34.4242,33.2694
33.6818,33.7433
33.5333,33.4887
33.6818,33.7452
34.5727,33.6763
34.4242,34.1329
34.1273,33.9815
33.8303,33.9845
33.8303,33.6250
34.1273,33.8206
34.4985,34.0812
33.6818,34.2254
33.5333,33.7833
33.4591,33.9820
34.2758,33.7905
34.2758,33.9892
33.9788,33.9568
33.3848,33.8033
32.4939,33.6230
33.2364,33.3350
34.1273,33.4428
35.0182,33.7020
33.3848,33.9946
32.6424,33.5459
32.4939,33.3002
34.5727,33.2855
33.3106,33.8243
33.6818,33.6209
32.4939,33.6626
34.5727,33.3042
34.1273,33.8121
33.5333,33.8125
34.2758,33.6097
33.1386,33.8135
34.7955,33.6040
35.3152,34.2597
35.1667,34.2532
33.1386,34.1751
34.2758,33.6247
33.3848,33.9772
34.7955,33.7157
32.3455,34.2834
34.4242,33.6022
34.2758,34.0667
34.2758,34.0979
33.6818,34.1595
34.1273,33.6406
34.1273,33.7732
33.9788,33.7050
34.1273,33.8033
33.1386,34.0012
33.5333,33.5587
34.1273,33.9782
33.1386,34.0348
34.7212,33.7208
35.4636,34.1948
34.1273,34.3709
34.5727,33.9369
34.8697,33.8850
33.9788,34.0278
33.9788,33.8352
33.8303,33.7993
33.5333,33.7887
33.9788,33.7001
33.5333,33.7756
32.7909,33.7221
32.9394,33.5722
33.5333,33.4311
33.5333,33.5775
33.3848,33.7208
33.2364,33.6491
33.0879,33.6013
32.7909,33.3965
33.2364,33.1774
33.3848,33.3609
33.3848,33.5455
33.6818,33.4388
34.4242,33.5872
33.8303,33.6323
34.1273,33.6548
33.2364,33.8460
32.6424,33.5869
34.2758,33.4191
33.5333,33.7699
32.9394,33.6084
33.0879,33.4742
33.3848,33.4479
34.8697,33.6507
34.1273,33.9179
33.8303,33.8171
33.5333,33.7552
32.9394,33.7302
33.9788,33.4569
31.0091,33.5368
33.5333,33.0036
33.5333,33.2763
34.2758,33.5620
33.5333,33.7783
33.5333,33.6868
33.3848,33.5566
33.3848,33.5195
33.0879,33.3131
32.0485,33.1784
34.4242,33.0105
34.1273,33.4458
33.2364,33.6308
31.7515,33.4077
33.6818,33.0860
32.1970,33.1752
31.7515,32.9787
30.5636,32.7731
29.8212,32.3342
32.6424,32.1926
32.1970,33.0958
31.9742,33.1718
32.6424,32.9062
33.9788,33.0609
34.5727,33.5705
34.2758,33.6757
33.3848,33.5546
32.9394,33.0725
32.3455,32.7675
32.4939,32.4376
33.5333,32.5089
31.7515,32.8782
31.7515,32.2173
32.6424,32.3063
32.3455,32.4683
33.5333,32.3786
32.7909,32.9242
32.9394,32.9485
33.3848,32.8982
34.5727,33.1868
33.6076,33.5592
32.9394,33.3995
33.3848,33.0673
33.3848,33.3829
32.4939,33.4079
33.3848,32.8518
34.1273,33.0479
32.6424,33.4095
32.9394,33.2580
33.6818,33.2826
33.3848,33.4321
33.6818,33.3785
32.6424,33.3474
31.3061,33.0652
32.6424,32.7524
31.0091,32.8899
32.0485,32.5804
29.9697,32.8031
32.1970,32.4985
33.2364,33.0879
32.9394,33.4149
33.2364,33.3252
32.7909,33.3342
32.1970,32.9919
31.7515,32.7099
32.0485,32.4947
32.9394,32.3100
32.1970,32.9610
32.6424,32.5891
33.2364,32.6128
32.7909,32.6958
32.2712,32.4805
32.6424,32.5018
31.4545,32.4328
32.0485,32.3480
31.7515,32.5192
32.7909,32.4077
33.0879,32.8675
33.0879,32.8059
31.4545,32.8104
31.6030,32.7472
32.4939,32.5051
31.7515,32.9430
31.9000,32.7365
32.6424,32.5695
32.3455,32.4455
32.6424,32.3673
31.9000,32.5300
31.7515,32.3132
31.4545,31.8583
32.1970,31.8545
30.7121,32.2115
31.9000,31.9208
31.3061,32.1764
31.9000,32.2918
32.6424,32.6343
32.0485,32.8957
31.9000,32.8001
32.9394,32.5673
33.0879,32.7169
33.3848,32.7210
33.8303,32.6312
33.5333,32.8682
33.2364,32.9332
33.0879,33.1219
33.3848,33.0525
32.9394,33.0739
33.5333,32.9953
33.2364,32.9826
33.6818,33.0267
31.9000,33.3032
33.3848,32.8422
32.7909,33.0255
32.6424,32.6607
33.5333,32.8991
33.0879,32.9334
33.3848,32.9510
33.0879,33.1770
31.7515,32.9731
32.4939,32.6418
33.2364,32.7788
32.1970,33.0781
31.4545,32.7202
33.2271,32.6794
32.9394,32.7911
32.9394,33.0064
34.2758,33.0287
35.0182,33.5040
34.4242,33.8745
34.7212,33.7887
34.2758,33.8442
33.8303,33.7223
34.4242,33.5953
33.5333,33.7318
33.9788,33.3827
32.6424,33.5039
33.2271,33.2472
34.2758,33.4290
33.0879,33.4610
35.0182,33.3416
34.5727,33.7212
34.4242,33.5642
33.8303,33.7238
32.6424,33.6143
33.0879,33.4456
34.1273,33.3020
33.9788,33.7013
34.1273,33.7780
34.2758,33.8807
31.6030,33.8002
33.9788,33.0163
34.4242,33.5735
34.5727,33.6554
33.9788,33.8005
33.3848,33.6688
34.8697,33.3435
34.2758,33.8938
34.3500,33.6589
31.1576,33.7506
33.3848,33.0403
33.5333,33.5508
33.5333,33.6799
33.3848,33.5780
34.5727,33.5469
34.8697,33.9041
34.5727,34.0166
35.4636,34.0750
34.1273,34.2783
34.7212,33.7925
33.5333,33.9164
33.2364,33.6776
34.2758,33.5943
33.9788,33.6974
34.1273,33.9572
32.9394,34.0882
32.7909,33.5837
33.3848,33.6289
33.6818,33.6425
34.5727,33.7627
33.5333,34.1248
32.1970,33.9440
34.7212,33.4343
31.9000,33.7833
32.6424,33.2575
33.5333,33.2849
33.9788,33.5267
34.5727,33.7900
34.4242,34.0240
34.4242,33.9690
32.9394,33.9523
33.3848,33.5729
34.7212,33.6515
34.2758,33.9687
33.3848,34.1178
33.9788,33.8050
35.0182,33.7956
33.9788,33.9424
33.8303,33.8811
32.4939,33.9264
33.0879,33.5986
34.4242,33.3566
33.9788,33.7174
31.6030,33.5991
33.0879,32.9707
33.2271,33.3180
35.3152,33.4053
33.5333,33.8373
34.1273,33.5213
33.2364,33.6785
34.1273,33.5709
33.6818,33.6020
32.7909,33.5580
33.2364,33.4335
33.2364,33.4207
33.8303,33.3872
32.6424,33.2775
33.9788,33.0152
33.8303,33.6644
34.1273,33.7598
34.4242,33.7650
34.7212,33.7520
34.7212,33.9006
34.2758,33.9371
35.3152,33.7108
32.4939,34.2184
34.5727,33.6157
33.8303,34.0244
33.3848,33.7826
33.9788,33.5642
34.2758,33.6416
33.5333,33.9463
33.5333,33.2526
33.2364,33.1728
33.0879,33.1419
33.0879,33.2020
32.7909,32.9699
32.3455,33.0869
34.2758,32.8574
33.0879,33.4173
32.4939,33.1718
33.3848,33.0636
34.4242,33.1278
34.1273,33.5879
34.8697,33.4685
33.5333,33.6352
34.1273,33.2439
33.5333,33.4768
33.5333,33.3660
33.3848,33.2463
33.8303,33.6311
33.3848,33.5342
34.2758,33.6305
33.6818,33.5952
32.0485,33.4861
33.0879,33.0704
34.5727,33.3333
33.0879,33.6772
33.2364,33.4166
33.2271,33.3686
31.6030,33.5036
33.0879,32.8766
32.6424,33.0730
34.5727,33.0379
32.9394,33.4555
33.0879,33.2744
32.7909,33.1939
33.0879,33.1629
33.0879,33.3127
32.3455,33.3689
32.1970,33.0519
33.0879,32.9018
33.0879,33.1931
33.8303,33.2043
33.0879,33.1452
32.4939,33.2432
32.1970,33.1215
33.9788,32.7269
33.8303,33.3741
33.0879,33.4195
32.7909,33.2658
33.8303,33.1939
33.6818,33.3577
33.6818,33.3100
33.8303,33.4152
32.3455,33.3365
33.8303,33.1738
33.5333,33.5379
34.7212,33.5224
33.2364,33.7890
33.5333,33.4769
33.2364,33.5888
33.6818,33.4455
33.5333,33.4225
33.0879,33.4263
33.8303,33.4010
32.7909,33.4321
34.2758,33.1216
33.5333,33.4303
31.9000,33.2896
33.0879,33.0386
33.2364,32.9513
33.8303,32.9912
33.2364,33.1366
33.2364,33.0530
33.6818,33.2181
33.2364,33.2897
31.4545,33.1919
33.8303,32.8802
33.6818,33.3608
33.5333,33.2534
32.9394,33.4261
33.5333,33.1315
32.9394,33.3328
33.5333,33.0931
32.1970,33.1773
33.2271,32.9915
32.0485,33.1665
33.6818,32.8078
31.0091,33.1091
32.9394,32.6026
31.7515,32.8943
33.0879,32.7872
34.2758,32.8856
33.6818,33.3848
34.1273,33.4119
34.4242,33.7128
33.6818,33.6395
33.3848,33.5169
33.0879,33.2829
31.3061,33.1658
32.9394,32.5653
32.6424,33.1723
32.9394,33.1434
32.6424,33.4724
32.7909,33.3349
34.1273,33.2720
33.2364,33.3874
33.6818,33.3887
34.5727,33.5177
33.9788,33.6131
33.0879,33.6592
32.7909,33.4637
32.7909,33.1883
33.3848,32.9759
34.2758,33.2101
32.7909,33.1726
33.2364,33.1011
33.0879,33.1505
32.3455,33.1315
33.0879,32.8448
32.3455,33.1321
32.7909,32.8297
33.3848,32.9108
33.2364,33.1586
33.3848,33.2229
32.6424,33.3214
34.7212,33.0867
33.8303,33.6514
32.1970,33.3540
33.3848,32.8798
33.0879,32.9758
33.0879,33.0216
33.0879,33.0999
32.6424,33.1120
33.2364,32.9795
32.6424,33.0747
31.6030,33.0238
32.3455,32.6723
32.4939,32.9186
31.7515,32.9485
33.6818,32.5215
31.6030,32.9062
30.4152,32.2696
32.1970,32.0956
33.0879,32.9919
33.2364,33.3195
33.8303,33.1222
34.8697,33.4045
32.3455,33.6381
32.0485,32.7381
34.5727,32.4962
32.0485,33.2175
33.8303,32.5218
33.2364,33.1554
31.7515,33.0670
33.3848,32.2999
32.6424,32.8400
34.5727,32.6299
33.3848,33.4960
33.0879,32.9422
33.9788,32.9721
33.2364,33.3045
33.3848,32.8932
32.6424,33.0156
32.7909,32.8139
33.8303,32.8310
32.3455,33.3251
32.7909,32.6638
33.8303,32.7670
34.8697,32.9380
34.7212,33.6438
34.4242,33.7529
31.9000,33.7709
32.6424,32.8009
32.3455,33.1426
32.9394,32.8875
32.9394,33.1444
32.6424,33.1196
32.4939,33.0078
33.2294,32.9326
33.8303,32.8821
32.7909,33.0696
30.2667,32.9230
32.3455,32.2185
31.6030,32.4328
32.9394,31.9907
32.9394,32.6752
33.8303,32.9681
34.8697,32.9435
32.9394,33.8299
32.1970,32.9672
34.5727,32.6576
33.5333,33.4163
33.0879,33.1255
31.7515,33.1001
32.3455,32.3985
31.0091,32.3223
31.0091,31.8144
32.1970,31.6505
30.8606,31.9774
31.3061,31.9072
31.9000,31.9551
31.0091,32.5032
33.0879,32.6517
33.3848,33.2032
32.7909,33.3086
32.7909,33.0620
32.9394,32.8610
31.1576,32.5251
30.8606,31.9949
30.7121,31.7660
31.3061,31.7419
32.0485,32.1904
31.9000,32.4319
32.0485,32.2307
32.0485,32.1725
32.0485,31.9187
31.4545,31.8577
30.8606,31.9750
29.8212,31.6444
31.1576,31.4770
32.9394,31.7307
33.0879,32.3093
31.9000,32.4059
33.3848,32.0532
32.1970,32.4812
32.7909,31.9717
32.1970,32.2593
33.2364,32.1769
32.7909,32.4819
32.1970,32.5175
32.7167,32.3697
32.6424,32.4799
32.7909,32.5438
31.7515,32.6225
32.7167,32.4867
32.1970,32.6359
32.4939,32.7118
32.7909,32.8255
33.8303,32.7451
34.8697,33.2509
34.1273,33.6483
34.5727,33.6490
33.5333,33.8347
33.0879,33.3381
33.3848,33.1581
32.7909,32.9920
32.3455,32.8174
32.3455,32.7085
32.3455,32.6149
30.8606,32.5021
33.2364,32.1841
33.2294,32.8301
33.0879,33.1288
32.9394,33.1933
33.2364,33.0660
34.2758,33.1037
33.5333,33.5583
31.6030,33.4842
33.8303,32.8526
33.6818,33.1588
32.9394,33.0757
33.9788,33.1027
33.9788,32.9940
33.8303,33.2216
33.9788,33.4046
31.9000,33.4394
34.7212,32.9764
34.4242,33.5479
33.0879,33.6269
32.9394,33.2524
32.4939,33.2126
32.9394,33.0264
33.0879,33.1171
32.4939,33.0501
33.6818,33.0015
33.2364,33.0849
33.0879,33.0719
34.7212,33.0320
33.6818,33.5801
32.6424,33.3897
33.6818,33.2651
34.1273,33.6152
34.5727,33.6935
33.0879,33.9180
33.3848,33.5281
33.9788,33.6304
34.5727,33.6754
33.8303,33.9086
33.9788,33.9009
34.1273,33.6414
33.2364,33.5720
34.4242,33.5133
34.1273,33.7519
32.1970,33.6917
32.7909,33.2738
33.5333,33.2743
33.9788,33.3846
31.9742,33.5405
32.7909,33.2522
34.1273,33.1895
34.1273,33.4681
33.5333,33.6617
35.3152,33.5458
33.8303,34.0282
33.8303,33.8169
34.1273,33.8012
34.2758,33.8353
27.0000,33.7927
33.8303,32.5467
34.1273,33.8373
34.1273,34.0013
34.5727,34.0075
34.1273,33.9395
33.6818,33.8978
33.9788,33.7747
33.0879,33.8141
30.7121,33.5109
32.7909,32.8502
34.8697,33.0869
32.1970,33.5259
32.7909,33.3345
33.3848,33.4051
33.6818,33.4066
33.3848,33.5670
33.5333,33.5712
34.1273,33.6427
34.7212,33.8160
35.4636,34.0025
34.5727,34.2052
32.9394,34.0667
34.4242,33.4608
34.1273,33.8250
32.3455,33.8897
33.3848,33.3460
34.4242,33.5767
34.7212,33.7445
34.1273,34.0257
34.2758,33.8013
34.2758,33.9938
34.8697,33.7829
31.7515,33.8353
32.4939,33.3319
33.2294,33.2856
34.1273,33.1524
32.9394,33.4124
33.5333,33.1467
33.9788,33.2693
33.9788,33.4095
32.1970,33.4669
34.4242,33.0732
33.9788,33.6536
34.1273,33.6835
34.8697,33.7224
34.7212,34.0069
33.5333,33.9263
33.3848,33.6199
33.8303,33.4905
33.2364,33.4980
32.3455,33.4768
32.7909,33.1719
32.7909,33.1309
32.9394,33.0780
32.9394,33.0201
32.7909,33.1933
32.4939,33.3555
33.3848,33.2251
32.3455,33.4588
33.5333,33.2931
32.9394,33.3119
32.3455,33.3199
34.5727,33.1901
33.2364,33.6103
32.7909,33.4939
33.8303,33.4216
35.0182,33.7825
33.2294,34.0671
33.2294,33.6608
34.8697,33.5642
34.7212,33.8313
34.2758,33.8238
33.5333,33.6484
34.8697,33.7957
34.1273,34.0624
33.8303,33.7924
33.5333,33.7957
33.2364,33.6283
33.8303,33.6409
34.2758,33.6722
33.0879,33.8166
33.5333,33.5519
33.5333,33.5114
33.5333,33.6098
33.0879,33.4592
33.0879,33.3782
33.0879,33.2584
33.3848,33.2163
33.0879,33.5761
34.1273,33.4381
34.7212,33.7728
33.5333,33.9948
34.5727,33.6724
33.3848,33.9488
33.9788,33.6873
34.5727,33.7941
33.6818,34.0637
34.4242,33.8316
34.1273,34.0035
34.1273,33.8067
32.7909,33.8380
32.6424,33.2649
33.2364,33.2642
32.6424,33.2915
33.3848,33.3132
34.4242,33.4908
33.5333,33.8279
33.5333,33.5300
34.5727,33.5244
34.2758,33.8310
34.2758,33.9120
33.9788,33.9362
33.6818,33.6431
32.7909,33.7374
32.4939,33.4546
33.0879,33.2724
34.4242,33.3919
33.3848,33.7687
35.1667,33.6514
35.3152,34.0138
34.7212,33.9987
33.3848,33.9025
33.2364,33.6559
32.1970,33.4709
33.6818,33.2555
33.6818,33.7607
31.9000,33.7487
33.3848,33.3125
33.6818,33.3823
30.7121,33.3725
32.9394,32.5824
33.8303,32.9266
33.2364,33.1677
34.1273,33.2091
33.5333,33.1592
33.0879,33.1638
33.2364,33.1429
34.5727,33.0889
33.5333,33.6666
34.2758,33.5057
32.9394,33.8166
33.0879,33.5419
32.9394,33.3671
33.6818,33.0932
33.0879,33.3235
32.9394,33.3295
34.4242,33.2727
34.1273,33.5837
33.9788,33.7452
33.0879,33.4609
33.6818,33.2565
32.3455,33.3899
33.3848,33.0367
33.9788,33.3077
33.6818,33.6255
33.2364,33.7428
34.5727,33.6310
33.6076,33.8023
34.7212,33.6349
33.3848,33.7799
33.5333,33.6652
33.0879,33.4351
33.3848,33.3080
33.6818,33.4231
33.3848,33.7065
33.8303,33.5491
33.8303,33.7169
33.9788,33.6812
34.2758,33.5942
33.9788,33.5824
31.1576,33.4568
31.9000,32.8787
32.7909,33.0133
33.0879,33.0347
33.6818,33.0996
34.5727,33.2503
33.5333,33.4531
32.6424,33.1996
31.9000,32.9154
32.9394,32.8071
33.5333,32.9648
32.7909,33.0514
31.7515,33.0014
35.0182,32.6325
33.2364,33.3979
32.9394,33.3450
34.7212,33.2257
34.8697,33.6181
34.1273,33.9266
31.7515,33.9425
30.7121,32.8535
31.7515,32.2567
32.9394,32.3841
31.6030,32.9588
31.9000,32.4438
33.0879,32.6682
34.2758,33.1679
34.4242,33.4780
34.2758,33.6871
34.5727,33.7016
33.8303,33.6232
33.0879,33.3948
33.9788,33.1508
33.2364,33.2747
33.0879,32.9119
32.3455,32.9178
31.4545,32.7191
31.6030,32.3310
32.9394,32.3171
31.6030,32.6930
31.3061,32.3025
31.9000,32.1660
31.6030,32.3141
30.8606,32.3926
30.7121,32.1363
32.6424,32.5020
33.5333,33.4314
34.2758,33.7492
35.1667,33.7375
33.3848,33.7663
32.6424,33.0533
32.9394,32.9229
32.1970,33.0007
32.0485,32.8205
33.3848,32.7116
33.9788,32.8517
34.2758,33.1849
32.4939,33.5969
34.4242,33.1087
32.1970,33.6113
33.6818,33.3806
31.9000,33.5549
33.2364,33.1375
32.0485,33.1760
32.7909,32.8010
33.3848,32.9398
32.0485,33.1578
32.3455,32.7276
31.4545,32.9075
31.6030,32.3102
32.1970,32.2214
31.7515,32.3661
29.8212,32.2025
31.0091,31.3644
32.4939,31.4165
33.0879,31.9457
30.8606,32.2072
32.3455,31.7521
31.7515,32.0803
32.0485,31.8748
32.6424,31.9418
31.9000,32.4788
31.1576,32.1104
32.3455,31.8288
32.1970,32.0571
32.7909,32.1484
32.3455,32.3739
33.3848,32.2618
31.6030,32.7911
31.4545,32.5055
30.7121,32.1731
30.5636,31.8381
30.8606,31.5316
31.4545,31.3736
31.0091,31.4603
31.6030,31.2737
31.6030,31.5565
31.1576,31.3848
31.6030,31.2438
31.4545,31.6253
29.0788,31.5565
32.3455,30.9447
31.4545,31.8070
32.6424,31.8075
32.3455,32.1298
32.3455,31.9773
32.6424,32.1261
30.8606,32.2192
31.6030,31.8600
32.1970,31.8635
31.9000,31.9206
31.3061,31.8606
32.4939,31.7550
31.9000,32.0396
32.0485,31.9554
32.7909,31.9927
32.3455,32.3776
32.6424,32.2478
32.1970,32.4325
31.6030,32.3499
33.6818,32.2554
32.3455,32.6309
32.1970,32.3942
31.9000,32.2253
32.9394,32.1165
31.6030,32.3126
31.3061,32.1728
32.1970,32.0385
33.6818,32.4214
32.7909,32.8219
31.1576,32.8656
32.7909,32.3600
32.7909,32.6510
33.3848,32.6940
31.3061,32.8348
31.9000,32.5946
32.0485,32.5173
31.6030,32.5279
34.2758,32.4083
33.3848,33.1198
33.2364,33.0029
32.7909,33.0067
34.1273,32.8096
33.8303,33.0392
34.7212,33.1594
33.5333,33.5360
33.0879,33.3506
33.0879,33.2662
33.8303,33.2018
33.2364,33.3172
33.9788,33.2802
34.2758,33.3841
33.2364,33.6762
32.4939,33.2795
34.2758,33.1303
34.2758,33.6665
34.1273,33.8403
34.8697,33.7780
33.6818,33.7977
33.2364,33.4870
33.3848,33.4783
32.1970,33.3626
32.9394,33.0256
32.6424,33.0783
33.3848,33.0552
33.0879,33.0845
33.5333,33.0899
30.4152,33.2917
31.6030,32.6929
30.1182,32.7856
31.1576,32.3794
33.3848,32.6238
34.8697,33.1593
33.3848,33.6338
34.7212,33.4945
33.5333,33.7196
33.8303,33.6077
33.2364,33.6699
34.1273,33.4463
34.5727,33.6139
34.7212,33.7349
34.8697,33.7640
34.7212,33.9863
34.8697,33.8097
34.7212,33.9750
34.5727,34.1583
34.4242,34.1257
34.8697,34.0882
34.8697,34.2348
34.7212,34.2644
34.5727,34.0609
33.0879,34.1039
34.4242,33.7215
33.0879,33.8484
33.3848,33.5156
33.6818,33.6652
35.0182,33.7004
32.9394,33.9590
34.1273,33.5107
32.3455,33.6997
34.8697,33.4051
33.8303,33.7488
33.5333,33.8356
34.1273,33.7454
33.8303,33.8243
33.6818,33.8759
35.3152,33.8281
33.9788,34.1413
34.1273,33.9481
33.8303,33.9463
33.3848,33.8256
33.0879,33.6017
33.3848,33.5565
33.6818,33.5193
34.8697,33.5386
33.3848,33.7749
35.1667,33.6901
33.9788,34.0600
34.2758,33.7842
34.4242,33.9651
34.4242,34.0902
34.7212,34.1415
34.7212,34.1174
34.1273,34.2012
34.4242,34.1596
35.1667,34.1067
34.1273,34.2180
33.5333,33.9009
34.1273,33.6253
32.9394,33.8028
30.8606,33.4484
31.4545,32.7306
33.6818,32.7297
32.0485,33.0475
32.9394,32.8077
32.9394,32.8780
32.7909,32.9503
33.5333,32.9621
33.3848,33.1481
33.0879,33.1490
33.6818,33.2337
34.1273,33.3983
33.0879,33.5895
34.7212,33.2313
33.8303,33.4303
33.2364,33.3883
32.6424,33.3807
33.2364,33.1739
32.6424,33.2828
32.6424,33.2496
32.6424,33.1615
32.9394,33.3388
33.3848,33.4434
32.6424,33.4464
33.0879,33.3021
34.1273,33.3021
33.2364,33.5270
34.4242,33.5685
33.6818,33.7197
33.3848,33.6431
33.9788,33.5026
33.2364,33.5339
34.4242,33.3172
33.6818,33.7519
31.9000,33.6347
32.6424,33.2767
33.9788,33.1679
32.9394,33.3934
33.5333,33.3292
33.5333,33.5608
32.3455,33.5293
33.2364,33.2693
32.9394,33.3466
32.9394,33.3675
32.1970,33.3619
33.0879,33.0909
33.6818,33.1058
32.9394,33.1203
32.1970,32.9979
33.6818,32.9528
33.8303,33.4558
33.5333,33.3947
32.9394,33.4919
32.3455,33.3732
31.6030,33.2174
34.4242,33.1546
34.5727,33.5406
32.9394,33.7480
32.7909,33.3034
32.4939,33.2465
33.2364,33.1792
33.8303,33.2550
34.1273,33.5596
34.7212,33.6428
33.0879,33.8955
33.8303,33.4628
34.1273,33.6881
34.2758,33.7197
33.6818,33.7980
33.2364,33.4477
32.9394,33.2844
32.4939,33.1892
32.9394,33.4007
34.7212,33.5403
35.0182,33.9253
33.3848,33.9899
35.0182,33.6255
35.4636,34.0980
35.1667,34.2921
33.6818,33.9746
33.2364,33.7872
32.6424,33.6237
33.9788,33.4754
34.7212,33.8889
35.6121,34.1018
35.1667,34.3897
32.7909,34.2560
34.1273,33.6636
31.0091,33.7331
34.2758,33.2341
33.3848,33.6237
33.0879,33.6009
32.7909,33.5451
33.9788,33.5586
33.5333,33.9264
35.6121,33.6395
34.2015,34.2340
33.0879,33.8852
33.8303,33.6552
33.0879,33.6747
33.3848,33.5242
34.1273,33.6314
34.8697,33.5843
34.1273,34.1937
35.6121,33.9792
35.1667,34.6067
35.4636,34.3901
33.8303,34.6579
33.6818,33.9623
33.6818,34.0199
33.8303,33.8222
34.1273,34.0326
34.2758,33.8874
33.0879,34.0308
34.2758,33.7118
34.1273,33.8928
33.9788,33.8642
33.6818,33.8584
35.0182,33.8112
33.8303,34.0392
33.6818,33.9081
34.2758,33.6416
33.9788,33.8045
33.5333,33.8541
33.5333,33.7968
33.5333,33.7598
33.2364,33.5509
33.2364,33.4381
34.5727,33.4297
33.3848,33.7118
33.5333,33.5402
33.6818,33.4704
32.6424,33.4352
33.0879,33.2439
33.9788,33.2824
33.5333,33.5621
32.6424,33.4319
32.1970,33.2385
33.3848,33.0864
32.3455,33.3043
33.5333,33.1867
33.9788,33.4755
34.2758,33.6702
36.5030,33.8889
34.5727,34.2482
34.4242,34.0863
33.5333,34.1063
33.3848,34.0464
33.3848,33.8573
33.8303,33.7837
35.3152,33.8501
33.6818,33.7774
33.0879,33.5847
32.7909,33.4988
31.6030,33.4622
33.0879,33.1257
33.5333,33.2374
32.7909,33.3571
33.0879,33.2608
32.4939,33.2243
32.7909,33.2906
32.3455,33.3283
32.1970,33.0991
33.9788,33.0696
32.6424,33.3608
33.3848,33.2336
33.5333,33.5339
32.7909,33.7410
32.7909,33.4786
34.1273,33.2299
34.2758,33.5268
34.7212,33.5301
34.7212,33.8704
33.0879,34.1059
35.0182,33.7982
35.6121,34.0747
34.1273,34.2063
34.2758,33.8199
34.7212,33.7308
33.3848,34.1468
31.6030,33.8863
32.0485,33.1941
33.3848,32.9434
32.7909,33.3927
31.6030,32.8451
33.8303,32.5116
34.5727,33.2609
34.5727,33.6688
34.8697,33.6203
33.6818,33.9440
32.0485,33.4804
33.8303,32.5771
34.1273,33.4913
34.5727,33.4336
34.1273,33.6655
33.5333,33.3298
34.1273,33.3731
33.0879,33.3241
33.3848,32.9669
33.3848,33.0792
32.7909,33.0870
33.0879,33.0550
33.2364,32.9648
31.4545,32.9418
33.0879,32.6178
31.1576,32.6745
33.0879,32.2758
32.6424,32.4753
32.0485,32.3916
32.1970,32.2945
31.9000,32.1841
31.0833,32.0108
32.7909,31.8485
32.3455,32.4485
31.1576,32.4726
31.9000,32.1435
30.7121,32.4734
31.9000,32.2781
31.9000,32.5784
32.3455,32.5100
32.3455,32.4245
32.3455,32.2875
32.1970,32.3178
32.6424,32.3211
32.7909,32.3960
32.9394,32.5306
32.3455,32.7239
32.9394,32.4885
32.7909,32.7959
33.5333,32.6834
33.5333,33.2133
32.7909,33.0427
31.4545,32.8296
32.7909,32.3978
32.9394,32.8197
31.7515,32.9484
32.0485,32.7021
32.1970,32.6438
33.2364,32.7374
33.8303,32.9999
32.3455,33.1931
32.6424,32.8312
32.3455,32.7189
32.7167,32.6313
33.0879,32.5657
33.3848,32.8197
34.5727,33.0802
34.2758,33.4732
33.5333,33.2850
32.3455,33.1307
32.9394,32.9456
31.6030,33.0396
33.0879,32.7014
32.7909,32.9988
30.8606,32.8720
31.9000,32.2061
33.0879,32.3548
32.9394,32.4403
33.0879,32.4047
32.9394,32.5979
31.6030,32.4171
33.0879,32.0108
33.3848,32.5273
33.6818,32.8778
33.2364,32.9123
32.9394,32.9687
33.6818,32.7933
31.9000,32.9042
32.7909,32.6019
33.2364,32.8434
33.6818,33.0594
34.4242,33.2774
34.4242,33.5046
33.5333,33.5718
33.9788,33.1481
33.8303,33.3322
35.1667,33.2428
33.9788,33.8396
33.5333,33.5082
33.5333,33.4322
33.5333,33.3731
33.8303,33.2731
33.6818,33.1861
33.6818,33.3124
33.2364,33.5925
33.3848,33.3419
33.9788,33.3735
33.9788,33.4991
33.2364,33.3891
33.6818,33.3056
35.4636,33.6678
33.8303,34.0917
33.9788,33.7049
34.5727,33.8058
33.8303,34.0773
33.9788,33.5270
33.3848,33.5091
35.0182,33.4877
33.0879,34.0876
32.1970,33.3002
34.4242,33.1634
35.1667,33.5273
34.8697,34.0630
32.0485,34.0124
34.7212,33.1665
33.9788,33.8682
32.1970,33.5042
32.3455,33.2093
32.6424,33.0866
32.7909,33.0115
32.6424,32.9937
34.8697,32.9468
33.3848,33.3938
33.5333,33.2445
33.5333,33.2862
33.0879,33.2852
33.9788,33.2794
34.1273,33.4896
33.9788,33.5972
32.9394,33.4542
33.8303,33.3132
34.7212,33.4698
34.7212,33.8240
35.1667,33.9369
34.8697,34.1009
33.6818,34.1705
33.3848,33.8444
33.3848,33.6465
34.1273,33.6355
34.8697,33.8698
34.7212,34.0504
34.4242,34.0571
35.3152,34.0141
35.0182,34.3042
34.5727,34.3089
34.4242,34.1150
35.1667,34.1250
34.8697,34.2955
34.8697,34.2507
34.4242,34.0988
35.1667,33.9964
33.9788,34.3249
33.5333,33.9098
33.6818,33.7497
34.2758,33.7367
34.7212,33.7896
34.5727,33.8739
33.3848,33.8637
33.9788,33.6949
33.6818,33.6295
34.2758,33.6827
34.4242,33.9406
34.1273,33.9647
33.3848,33.9430
32.7909,33.7640
33.3848,33.5031
34.2758,33.5582
33.9788,33.7670
34.1273,33.8374
34.8697,33.9678
34.8697,34.1261
33.9788,34.2122
33.2364,33.7869
33.3848,33.7410
34.1273,33.7014
34.7212,33.9723
34.2758,34.1437
33.9788,34.0866
34.1273,33.8529
34.1273,34.0149
34.2758,34.0278
34.1273,34.0748
33.8303,33.9047
34.1273,33.8869
33.3848,33.8098
33.8303,33.6420
34.2758,33.8672
33.9788,33.9322
34.4242,33.8685
33.9788,33.9036
33.3848,33.7534
33.6818,33.5087
34.1273,33.7821
33.3848,34.0693
32.6424,33.6176
32.7909,33.5530
33.2364,33.5103
33.3848,33.6825
34.1273,33.6283
34.5727,33.7828
33.6818,33.9046
34.1273,33.5421
33.2364,33.6403
34.2758,33.4959
33.8303,33.9164
33.3848,33.9556
33.5333,33.6522
33.3848,33.6353
32.9394,33.6014
32.6424,33.5087
33.5333,33.4042
34.5727,33.6541
33.9788,33.9650
33.3848,33.7197
33.2364,33.4958
34.1273,33.5014
32.9394,33.8294
32.4939,33.4923
33.9788,33.5164
32.9394,33.7570
32.9394,33.4815
33.0879,33.2747
33.3848,33.3845
34.1273,33.4122
34.1273,33.8172
33.3848,33.7559
33.0879,33.5245
33.0879,33.4013
33.3848,33.4741
34.1273,33.3644
32.7909,33.6248
33.5333,33.3304
34.2758,33.6815
33.0879,33.8156
32.6424,33.4679
32.9394,33.3204
32.7909,33.3978
33.2364,33.4009
33.0879,33.4427
33.4591,33.3630
34.2758,33.3868
34.1273,33.7160
33.5333,33.7539
33.4591,33.5782
33.5333,33.4642
33.9788,33.3813
32.9394,33.6252
32.9394,33.4542
33.0879,33.4123
33.8303,33.4513
33.8303,33.6663
33.0879,33.8419
35.3152,33.6042
35.0182,34.2352
33.6818,33.9770
33.0879,33.7448
32.7909,33.5846
33.5333,33.4679
33.6818,33.5660
33.8303,33.7360
34.1273,33.8019
34.2758,33.5442
34.1273,33.8521
33.8303,33.9235
33.0879,33.9509
33.9788,33.6045
34.4242,33.7782
33.2364,34.1191
35.3152,33.6456
34.2758,34.2786
33.3848,34.0276
33.3848,33.8401
34.5727,33.7406
33.3848,34.1804
33.6818,33.7405
33.2364,33.8609
34.7212,33.6791
35.3152,34.1559
34.5727,34.4039
34.7212,34.1473
33.5333,34.2407
33.6818,33.7520
33.3848,33.7144
34.2758,33.5431
33.3848,33.9344
33.3848,33.6730
33.6818,33.6517
32.9394,33.7144
33.6818,33.6389
33.2364,33.8391
33.2364,33.6602
33.8303,33.6463
34.5727,33.7587
35.1667,33.9692
35.0182,34.2709
34.5727,34.2264
34.2758,34.1853
34.4242,34.0414
34.4242,34.0787
33.0879,34.0491
33.3848,33.8401
33.5333,33.7381
33.8303,33.7274
33.5333,33.7801
34.8697,33.8119
34.1273,33.8450
33.6818,33.9317
34.4242,33.7640
34.1273,33.9207
34.2758,33.8519
33.8303,33.7497
33.6818,33.7651
34.7212,33.7238
33.6818,34.1059
34.2758,33.7297
33.8303,34.0832
34.8697,33.8179
32.0485,34.0449
35.0182,33.4259
34.5727,33.9213
34.4242,34.0601
34.7212,34.1744
33.8303,34.0634
34.1273,33.8325
33.3848,33.9132
33.3848,33.5280
33.5333,33.6517
34.1273,33.6419
33.6818,33.6968
33.6818,33.6127
33.3848,33.6160
34.4242,33.6146
33.8303,33.7359
33.3848,33.7319
34.4242,33.6314
34.4242,33.8919
34.1273,33.9668
33.8303,33.9176
33.0879,33.7887
32.3455,33.5122
33.3848,33.2673
32.7909,33.2509
33.8303,33.0805
32.0485,33.4391
33.8303,33.0398
31.3061,33.2581
32.9394,32.6872
33.0879,33.0274
33.0879,33.1562
32.7909,33.2317
32.9394,33.0476
33.9788,32.8171
33.5333,33.2522
33.8303,33.2752
33.2364,33.5055
33.3848,33.4112
33.6818,33.2282
33.5333,33.2467
31.4545,33.4335
32.7909,32.6779
32.7909,32.9772
31.7515,32.8539
31.7515,32.3947
33.5333,32.3566
32.4939,32.7572
30.7121,32.4184
32.1970,31.9086
32.3455,32.2192
32.4939,32.2077
31.3061,32.0661
31.6030,31.8913
31.6030,31.9678
32.1970,32.0401
32.3455,32.6114
31.0091,32.4591
31.6030,32.1674
32.6424,32.4036
32.0485,32.9205
33.0879,32.7298
32.3455,33.0541
32.3455,33.0350
33.0879,32.9057
32.0485,32.7456
33.0879,32.5712
31.9000,32.7045
32.4939,32.3279
34.8697,32.6051
34.4242,33.1048
29.6727,33.0634
31.3061,32.1577
32.7909,32.3399
32.7909,32.5610
32.9394,32.7034
33.3848,32.7450
32.3455,32.7214
31.6030,32.4525
29.8212,32.0960
31.7515,31.6620
30.8606,32.0383
33.3961,32.2102
31.3061,32.5481
30.7121,32.4823
31.4545,32.2176
31.9000,32.5189
32.3455,32.6617
35.0182,32.7060
34.8697,33.2750
34.2758,33.4544
32.9394,33.2798
31.4545,32.8771
32.9394,32.3823
32.6424,32.7382
33.0879,32.4944
31.7515,32.8695
31.4545,32.6754
32.1970,32.2842
32.9394,32.1875
32.4939,32.4053
32.3455,32.3158
32.3455,32.4116
31.4545,32.6895
32.6424,32.2948
32.0485,32.7221
32.3455,32.6637
30.5636,32.3670
32.9394,31.9444
32.9394,32.3944
32.7909,32.5719
32.3455,32.4507
32.3455,32.2930
33.0879,32.3421
33.8303,32.5818
33.2364,33.0709
33.9788,32.9495
35.0182,33.2856
33.8303,33.6961
32.0485,33.1924
32.7909,32.5873
34.2015,32.9559
33.8303,33.1920
33.8303,33.2029
33.5333,33.4558
30.8606,33.3150
32.6424,32.5471
32.4939,32.7148
33.3848,32.8032
32.4939,32.9413
32.9394,32.6916
33.2364,32.9041
33.3848,32.9945
32.9394,32.9721
32.7909,33.1000
33.0879,32.9700
33.8303,32.9819
32.9394,33.2832
34.8697,33.0174
32.9394,33.2201
34.4242,33.2079
34.2758,33.6543
33.0879,33.6374
33.0879,33.2776
33.5333,33.2924
33.5333,33.2019
33.0879,33.3733
32.3455,33.2822
33.2364,33.1398
34.7212,33.1116
33.5333,33.5418
33.0879,33.3582
33.0879,32.9450
32.6424,33.0085
33.3848,32.8763
33.8303,33.1812
33.5333,33.4825
34.5727,33.4389
34.2758,33.6574
33.5333,33.6097
35.1667,33.5926
35.1667,34.0756
33.8303,34.0756
33.5333,33.7715
34.1273,33.7158
33.0879,33.4771
32.4939,33.2040
33.2364,33.1355
32.9394,33.2854
32.7909,33.2376
31.6030,33.1416
34.1273,32.8281
32.0485,33.3887
34.4242,33.1826
34.1273,33.5878
34.7212,33.5614
34.4242,33.9699
33.3961,34.0201
33.5333,33.5973
33.5333,33.3982
34.8697,33.5601
34.2758,33.8764
34.7212,33.7911
33.8303,33.8465
35.0182,33.7915
34.2758,34.1053
32.6424,33.8892
33.8303,33.3795
34.5727,33.6563
34.1273,33.8704
33.8303,33.7288
34.4242,33.5984
35.7606,33.8323
35.3152,34.3183
34.5727,34.2025
33.8303,34.0498
33.9788,33.8629
34.5727,33.8738
34.7212,33.8897
33.8303,33.9991
34.1273,33.9202
34.5727,34.0023
33.9788,34.0115
33.8303,33.6483
33.5333,33.8201
33.2364,33.8100
34.2758,33.5791
33.9788,33.8922
32.6424,33.7999
34.5727,33.4738
34.2758,33.7555
34.2758,33.8316
33.8303,33.7704
35.1667,33.7660
33.8303,34.1693
33.3961,33.8192
35.3152,33.6776
34.4242,34.0942
33.0879,33.9633
34.7212,33.7549
33.5333,33.9414
32.7909,33.7359
33.6818,33.5916
33.8303,33.6178
34.1273,33.8377
33.5333,33.9988
34.2758,33.7881
33.9788,33.9709
34.7212,33.9775
34.2758,34.1563
34.7212,34.0586
32.3455,34.2023
33.0879,33.3734
33.5333,33.5980
33.3848,33.6339
33.8303,33.6217
33.9788,33.7038
33.2364,33.6076
33.0879,33.4861
33.3961,33.2978
33.5333,33.2926
32.9394,33.3112
33.3848,33.3410
33.5333,33.5028
31.6030,33.5449
32.3455,32.7966
33.8303,33.0985
33.5333,33.2796
33.5333,33.3948
33.5333,33.4529
33.2364,33.4563
33.8303,33.3840
33.8303,33.5257
34.1273,33.6127
33.3848,33.7123
33.6818,33.6221
33.9788,33.7743
33.9788,33.8328
33.8303,33.5346
32.6424,33.6207
33.2364,33.3459
33.2364,33.7090
32.9394,33.5282
34.5727,33.4348
33.6818,33.8239
32.6424,33.6447
33.8303,33.3661
33.0879,33.5759
33.0879,33.3658
33.2364,33.3810
34.1273,33.2287
33.8303,33.4115
33.6818,33.5451
31.9000,33.4807
32.6424,32.9319
33.3848,33.0388
34.1273,33.2234
34.2758,33.6184
33.2364,33.8527
34.4242,33.5416
33.5333,33.8126
33.8303,33.6597
34.5727,33.8856
35.1667,34.0910
34.4242,34.1465
34.5727,33.9643
34.4242,34.1549
34.5727,34.0101
34.8697,33.9736
34.8697,34.2152
34.4242,34.3369
33.8303,34.0996
35.3152,34.1103
33.2364,34.7204
33.5333,33.8757
35.1667,33.8923
33.3848,34.2996
33.5333,33.7522
34.5727,33.7895
34.2758,34.1106
34.5727,34.1606
33.8303,34.2445
33.3848,33.8687
33.8303,33.7812
34.2758,33.6798
33.0879,33.8478
33.3961,33.4423
33.3961,33.4617
33.3961,33.4034
33.3961,33.3610
33.3961,33.3378
33.3961,33.3133
33.3961,33.2834
33.3961,33.2845
33.3961,33.2589
33.3961,33.2785
33.3961,33.2961
33.3961,33.2971
33.3961,33.2682
34.8697,33.2779
33.6818,33.8554
35.1667,33.8398
35.0182,34.3200
33.9788,34.0369
32.1970,33.7483
33.3848,33.3574
33.8303,33.4870
33.8303,33.7877
34.2758,33.8671
33.3848,34.0010
32.7909,33.6094
33.2364,33.3261
33.0879,33.4418
33.9788,33.2802
33.5333,33.7024
33.9788,33.5984
34.2758,33.7434
34.2758,33.9282
33.0879,33.6715
33.2364,33.3593
33.5333,33.4909
33.6818,33.3746
33.0879,33.4213
33.8303,33.1243
34.2758,33.4386
33.5333,33.9275
33.0879,33.5852
33.2364,33.3939
32.3455,33.2070
33.2364,32.9148
34.1273,33.0226
33.3848,33.4834
33.5333,33.2795
33.6818,33.2433
33.3848,33.1583
33.2364,33.2052
33.5333,33.2244
31.4545,33.2837
32.6424,32.7842
34.1273,32.8146
32.7909,33.1036
34.4242,32.9872
33.2364,33.5969
33.8303,33.2957
34.8697,33.7717
34.1273,33.9332
34.1273,33.8572
35.0182,33.9424
35.3152,34.3460
33.2364,34.1692
33.6818,33.4549
33.9788,33.5580
33.5333,33.7316
33.3848,33.5921
32.9394,33.5432
32.0485,33.4237
34.8697,33.1203
34.4242,33.5362
33.5333,33.5959
35.4636,33.5901
33.5333,34.0116
33.6818,33.6313
33.0879,33.5449
34.5727,33.3608
34.4242,33.8026
31.9000,33.8130
33.3848,32.9561
31.7515,33.3115
30.5636,32.8334
31.7515,32.0613
33.2364,32.4437
33.2364,32.9897
33.0879,33.0981
31.9000,32.7906
33.2364,32.3070
31.7515,32.4487
33.2364,32.2561
33.5333,32.9035
33.2364,32.6486
32.9394,32.7609
32.9394,32.7295
33.6818,32.8419
32.1970,32.9043
31.3061,32.4321
32.7909,32.4031
35.1667,32.9944
34.1273,33.6897
34.7212,33.4830
34.8697,33.8599
33.3848,33.6923
33.8303,33.4805
33.0879,33.4087
33.5333,33.2145
31.7515,33.1776
31.6030,32.6330
32.4939,32.5499
33.3848,32.7138
33.5333,32.8657
31.3061,33.1308
32.0485,32.7966
31.4545,32.6019
31.7515,32.4730
33.0879,32.2353
32.3455,32.5519
32.1970,32.7145
31.6030,32.7554
30.8606,32.3442
31.1576,32.0446
31.4545,31.9595
34.7212,32.0025
31.9000,33.0737
30.7121,32.2238
31.1576,31.6111
31.4545,31.7886
30.4152,31.8508
31.1576,31.7028
32.1970,32.1624
29.8212,32.2627
31.9000,31.8507
32.9394,32.4634
31.6030,32.4819
30.7121,31.9546
31.1576,31.5290
31.4545,31.8612
31.0091,31.9224
31.9000,31.8666
31.4545,32.0554
31.1576,31.9410
31.4545,31.8185
31.3061,31.6984
31.6030,31.4331
31.7515,31.6143
31.7515,31.5515
31.7515,31.5102
32.1970,31.5809
33.0879,32.0075
31.3061,32.2676
32.3455,31.8689
31.0091,32.1698
32.0485,31.6507
30.2667,31.6975
30.8606,31.0559
31.6030,31.5058
31.1576,31.6488
31.6030,31.7325
31.7515,31.7924
31.9000,31.7281
32.3455,31.8888
33.3848,31.8966
31.6030,32.3960
31.3061,31.8392
32.7909,31.8001
34.5727,32.3964
34.1273,33.2906
32.1970,33.1753
32.6424,32.5851
32.7909,32.6340
32.7909,32.7073
31.9000,32.4411
32.0485,32.1942
32.6424,32.1305
31.9000,32.2963
32.0485,32.1638
31.7515,32.0687
31.3061,31.9958
33.6818,31.9344
32.1970,32.6768
31.7515,32.3597
33.2364,32.2063
33.0879,32.5948
33.0879,32.7651
32.7909,33.0187
32.9394,32.8900
33.6818,32.7067
33.6818,32.9404
34.4242,33.1435
33.9788,33.2162
32.6424,33.2177
33.5333,33.2137
33.0879,33.4119
33.6818,32.9131
33.0879,33.1959
31.1576,33.0389
33.8303,32.5566
31.9000,33.0898
33.2364,32.8156
31.4545,32.9924
31.7515,32.3466
33.0879,32.4162
34.1273,32.7381
31.9000,33.0623
34.1273,32.5850
32.9394,33.2836
32.7909,32.9311
32.7909,32.8346
34.2758,32.9248
33.6818,33.1910
32.9394,33.1137
32.9394,33.0452
32.9394,32.9626
32.6424,32.8788
32.9394,32.7255
33.0879,32.8812
33.6818,33.0690
33.9788,33.4422
33.8303,33.5877
33.2364,33.6366
33.5333,33.3287
33.6818,33.4059
34.7212,33.5317
34.7212,33.7855
33.2364,33.8112
34.1273,33.4492
33.0879,33.7085
34.1273,33.4380
34.2758,33.6815
33.8303,33.7603
33.6818,33.6455
33.3848,33.7203
33.3848,33.4556
33.6818,33.2616
33.9788,33.3794
33.3848,33.5214
34.2758,33.3918
35.1667,33.8199
34.4242,34.0974
34.2758,34.0080
34.8697,33.8414
34.1273,34.1990
34.1273,34.0372
33.8303,34.0585
32.7909,33.8303
33.6818,33.3993
33.9788,33.6156
34.1273,33.6538
33.5333,33.6599
33.6818,33.4697
33.5333,33.5878
33.8303,33.5083
34.1273,33.5282
34.2758,33.5956
34.5727,33.7977
31.6030,33.8238
33.8303,32.9671
33.3848,33.4188
33.5333,33.3599
33.8303,33.4648
33.6818,33.5128
34.7212,33.4526
33.8303,33.8461
33.6818,33.6872
33.4591,33.6898
33.5333,33.4643
33.3848,33.5433
33.8303,33.5441
33.0879,33.5694
34.4242,33.3220
34.2758,33.6490
32.9394,33.7844
33.4591,33.4994
32.4939,33.3976
32.1970,33.2132
31.9000,33.0719
29.8212,32.8521
32.1970,32.2582
33.0879,32.8017
32.4939,33.0815
32.1970,33.2713
31.7515,33.1633
33.8303,32.9955
33.5333,33.3228
33.8303,33.3737
33.5333,33.4451
33.2364,33.3158
31.7515,33.2191
32.3455,32.7527
33.3848,32.6265
34.4242,32.9668
34.4242,33.4601
33.3848,33.5754
33.2364,33.4291
32.9394,33.4383
33.9788,33.5314
34.5727,33.8105
33.5333,34.0071
33.0879,33.7702
34.1273,33.4312
32.3455,33.7653
32.7909,33.0070
33.0879,33.1766
33.8303,33.1654
34.5727,33.5589
33.5333,33.8226
32.9394,33.5691
33.3848,33.4635
33.5333,33.3359
33.0879,33.3772
32.3455,33.3200
32.3455,33.0407
33.5333,33.0120
33.9788,33.2020
34.2758,33.4909
34.2758,33.7886
33.6818,33.8275
33.8303,33.6307
32.7909,33.6659
33.0879,33.5070
33.0879,33.3662
33.3848,33.3825
33.3848,33.3679
32.3455,33.4485
33.8303,32.8967
34.1273,33.4712
34.1273,33.5282
33.8303,33.7254
32.1970,33.6445
33.9788,33.0817
34.4242,33.5515
31.9000,33.9428
34.2758,33.2144
34.8697,33.6858
34.2758,33.9811
33.5333,33.8672
33.0879,33.6825
33.3848,33.4420
33.3848,33.3122
32.1970,33.4406
34.1273,33.0485
32.9394,33.4937
33.2364,33.1695
32.9394,33.3549
33.8303,33.4589
33.9788,33.6679
34.1273,33.6061
33.0879,33.9004
32.7909,33.4692
33.5333,33.2902
34.5727,33.3504
33.2364,33.7181
33.3848,33.5978
33.0879,33.6548
33.9788,33.6628
34.1273,33.8129
32.6424,33.7693
33.0879,33.4743
33.3848,33.2895
33.6818,33.4203
33.3848,33.5955
32.4939,33.4335
33.9788,33.1862
29.8212,33.3746
32.9394,32.4163
34.2758,32.8740
34.7212,33.3169
35.3152,33.6762
33.3848,34.1540
32.9394,33.5056
33.5333,33.4987
34.4242,33.4518
34.4242,33.7945
34.5727,33.9151
34.2758,34.0140
33.8303,33.8500
33.5333,33.7443
33.9788,33.2404
33.5333,33.3201
33.3848,33.6360
34.2758,33.7203
32.6424,33.8003
33.9788,33.4901
33.3848,33.7779
33.8303,33.5238
33.9788,33.8350
33.3848,33.5772
32.7909,33.7122
34.4242,33.4778
34.1273,33.8210
34.2758,33.7171
33.8303,33.7474
34.1273,33.7975
33.9788,33.9515
34.7212,33.8063
34.2758,33.9446
34.4242,33.8369
30.4152,33.9578
33.9788,32.7103
33.5333,33.5502
33.0879,33.5309
33.3848,33.3040
33.6818,33.3920
33.9788,33.5306
33.9788,33.6030
34.4242,33.5959
33.6818,33.7792
32.6424,33.4667
33.6818,33.1528
33.8303,33.4072
33.6818,33.4523
32.6424,33.2783
33.5333,33.1654
33.5333,33.5024
33.5333,33.4340
31.4545,33.4920
33.6818,33.1280
33.3848,33.4323
33.2364,33.1154
33.0879,33.2720
34.1273,33.2469
32.7909,33.3629
34.2758,33.1809
32.7909,33.4579
35.0182,33.1179
31.3061,33.6961
34.2758,32.9532
34.5727,33.6157
34.4242,33.8208
32.0485,33.9038
32.9394,33.3240
33.3848,33.2581
33.6818,33.5253
33.3848,33.5922
34.4242,33.2622
34.4242,33.6902
34.5727,33.7025
33.5333,33.3323
33.6818,33.2674
33.3848,33.1496
32.9394,33.2503
35.0182,33.2507
35.4636,33.8839
33.3848,34.0215
30.8606,33.1292
30.2667,32.5591
33.0879,32.3854
30.8606,32.9928
33.5333,32.6465
32.3455,33.2654
32.9394,32.6310
32.0485,32.8263
33.6818,32.3567
33.0879,33.0965
32.7909,33.1607
32.6424,33.0180
33.5333,32.9871
33.3848,33.0753
34.2758,33.1276
33.5333,33.2157
33.8303,33.1500
31.4545,32.9757
33.5333,32.6151
32.7909,33.0016
33.5333,32.7927
32.6424,33.1672
32.6424,33.1685
32.1970,33.1220
32.7909,33.1215
32.1970,33.1165
31.7515,32.9280
34.2758,32.7104
33.3848,33.1958
33.3848,33.2408
33.6818,33.0397
33.3848,33.2831
33.8303,33.3653
32.9394,33.3681
35.3152,33.0152
33.3848,33.6053
33.5333,33.3096
32.9394,33.3385
32.6424,33.1996
32.4939,32.9214
32.1970,32.7754
32.6424,32.8642
31.1576,32.7690
30.8606,32.4061
32.1970,32.1718
30.8606,32.5788
31.7515,32.1084
30.8606,32.3893
32.3455,32.3697
31.9000,32.5597
33.6818,32.3773
34.8697,32.7449
32.6424,33.1903
31.6030,32.5836
32.9394,32.2903
33.3848,32.5063
32.1970,32.7891
32.9394,32.4234
32.7909,32.5675
32.4939,32.4335
32.4939,32.4199
33.0879,32.3691
32.3455,32.7429
30.5636,32.2779
32.6424,31.8310
31.9000,32.2544
30.1182,32.1309
32.1970,31.6830
32.4939,31.8811
32.1970,32.2371
31.3061,32.2002
31.1576,31.8197
32.0485,31.7109
33.5333,31.9146
33.5333,32.3997
32.3455,32.9601
31.6030,32.5657
33.3848,32.6313
32.1970,32.8192
33.3848,32.7855
34.8697,32.9318
33.2364,33.4281
33.9788,33.1746
31.4545,33.5152
33.3848,32.8092
32.4939,33.1110
32.3455,32.6924
31.0091,32.5916
33.3848,32.2634
33.3848,32.4225
32.7909,32.9421
34.1273,33.1992
33.6818,33.2481
33.8303,33.3032
33.0879,33.5678
32.9394,32.9112
33.3848,32.9232
33.0879,32.9790
32.9394,32.5942
32.6424,32.5523
34.2758,32.4450
31.7515,32.9540
34.1273,32.4434
33.0879,33.2674
34.2758,33.0594
34.8697,33.3499
35.3152,33.4768
33.9788,34.1840
33.5333,33.5584
33.2364,33.5800
33.8303,33.1153
34.1273,33.2353
31.6030,33.3721
33.5333,32.6028
33.2364,33.0108
33.6818,32.9053
33.5333,33.2032
33.6818,33.1440
32.7909,33.0627
33.6818,32.9063
33.8303,32.9835
33.6818,33.0060
33.3848,33.3451
34.8697,33.1765
34.2758,33.6815
34.7212,33.3929
33.0879,33.5636
33.9788,33.3883
33.6818,33.7726
33.5333,33.6254
32.7909,33.5731
33.3848,33.3305
34.5727,33.4159
33.6818,33.6616
33.9788,33.5597
34.2758,33.6199
33.6818,33.6550
33.8303,33.5643
31.0091,33.7042
32.1970,33.1530
34.2758,33.0814
33.8303,33.5162
34.7212,33.5770
34.5727,33.9029
33.6818,33.8986
32.7909,33.6148
34.5727,33.2551
33.2364,33.6384
33.5333,33.3596
32.7909,33.3872
33.5333,33.0973
33.8303,33.2582
34.5727,33.5138
35.1667,33.8210
33.8303,34.1940
34.2758,33.7905
34.5727,34.0405
34.4242,33.9645
33.9788,33.8323
34.5727,33.6343
34.2758,33.9687
33.5333,33.8742
34.7212,33.6847
34.4242,33.6438
33.9788,33.7427
34.4242,33.8437
33.0879,33.8449
32.7909,33.5351
32.4939,33.3594
31.9000,33.2960
33.5333,33.1548
33.6818,33.3801
33.8303,33.5391
32.0485,33.3504
33.9788,33.1857
31.6030,33.4560
33.6818,33.0315
32.3455,33.2612
33.3848,33.1748
35.0182,33.2360
34.5727,33.7428
34.2758,33.6036
33.2364,33.6004
33.5333,33.4689
32.9394,33.4424
33.0879,33.2708
32.1970,33.2276
32.9394,32.9976
34.5727,32.9834
33.3848,33.1953
32.6424,33.2304
32.4939,33.1646
32.7909,33.1726
32.0485,33.3391
31.4545,33.1521
30.8606,32.8977
32.0485,32.8756
33.3848,33.0198
33.3848,33.4113
33.6818,33.9035
33.3848,33.7597
33.8303,33.5247
32.6424,33.8020
33.3848,33.3438
32.0485,33.4737
33.8303,33.2666
32.9394,33.6380
33.5333,33.3640
32.7909,33.5698
33.9788,33.3376
33.3848,33.6698
33.2364,33.5627
34.2758,33.4709
33.9788,33.8708
30.5636,33.7929
33.3848,33.0295
33.5333,33.4892
33.0879,33.6017
33.3848,33.4058
33.3848,33.5185
34.1273,33.4078
33.0879,33.4632
33.6818,33.1782
33.6818,33.2349
31.6030,33.3260
32.6424,32.7277
33.5333,32.9529
34.1273,33.1146
34.2758,33.3424
33.3848,33.6803
33.2364,33.5003
33.6818,33.5731
33.5333,33.5838
33.3848,33.4887
33.3848,33.5536
34.2758,33.5013
33.8303,33.6968
34.2758,33.4505
33.2364,33.5577
33.2364,33.4616
34.4242,33.5342
33.8303,33.9436
34.1273,33.8715
33.0879,33.9190
32.1970,33.5189
33.0879,33.2737
33.0879,33.3501
33.9788,33.3385
33.9788,33.6902
34.5727,33.8242
34.7212,33.9362
34.1273,33.8989
33.5333,33.7136
34.4242,33.6807
33.2364,33.7120
33.3848,33.5480
33.5333,33.5394
34.2758,33.3763
35.3152,33.8289
34.2758,34.2567
33.6818,34.0606
32.1970,33.7148
35.1667,33.3197
33.3848,33.8768
33.9788,33.6057
33.3848,33.9449
33.3848,33.7750
32.0485,33.4765
33.5333,33.2549
33.6818,33.3318
33.8303,33.4371
33.3848,33.6546
34.2758,33.5276
33.8303,33.6735
33.2364,33.5097
33.3848,33.5479
35.0182,33.6331
32.3455,33.8966
30.5636,33.2672
32.4939,32.7790
31.9000,32.8498
32.7909,32.5094
32.7909,32.5483
32.7909,32.5724
33.5333,32.7087
33.9788,33.0644
33.9788,33.1567
33.3848,33.3294
32.9394,33.2749
34.8697,33.1282
33.0879,33.5824
33.2364,33.2946
32.7909,33.2693
32.9394,33.0234
34.2758,32.9531
33.5333,33.4215
34.8697,33.6002
33.3848,33.9916
33.3848,33.7361
33.2364,33.8201
33.5333,33.7021
34.4242,33.6740
31.9000,33.8414
33.3848,33.4090
33.6818,33.5158
32.0485,33.5437
34.2758,33.1832
33.2364,33.4074
34.1273,33.2407
32.6424,33.5448
32.4939,33.3047
32.9394,33.2442
33.6818,33.1650
32.7909,33.4484
33.3848,33.2518
32.9394,33.4587
32.7909,33.1043
33.3848,33.0485
32.0485,33.1987
32.7909,33.0540
33.0879,33.1390
32.1970,33.1113
32.6424,33.2614
33.6818,33.1976
34.5727,33.3711
32.3455,33.6330
32.7909,32.8564
33.3848,32.8980
35.6121,33.3058
33.3848,33.9370
33.8303,33.6842
33.0879,33.8440
33.0879,33.6847
33.3848,33.5504
33.2364,33.4873
33.9788,33.4814
33.5333,33.5589
32.1970,33.3704
31.9000,33.0859
31.7515,32.8889
32.7909,32.8550
32.4939,33.0150
33.2126,33.0388
33.3848,33.0918
32.0485,33.1063
33.6818,32.9848
33.3848,33.3310
33.2126,33.6311
30.1182,33.4874
33.3848,32.5765
33.9788,33.2863
34.2758,33.3260
35.0182,33.6797
34.7212,33.8680
34.1273,33.7207
32.3455,33.4584
32.6424,33.1447
32.6424,33.1167
32.4939,32.9142
32.6424,32.9626
33.8303,33.1050
33.8303,33.2584
33.3848,33.2698
32.6424,33.1832
33.0879,33.1513
32.4939,33.2148
33.2364,33.1161
31.9000,33.2556
32.4939,33.0222
33.8303,33.1169
32.9394,33.2834
33.9788,33.0611
34.1273,33.3195
33.9788,33.7062
33.3848,33.5215
33.0879,33.6763
35.1667,33.3727
33.0879,33.8903
33.2364,33.5007
33.6818,33.3585
33.0879,33.4608
32.3455,33.3844
32.9394,33.2540
32.9394,33.1308
31.6030,33.1078
